<?xml version="1.0" encoding="ISO-8859-1"?>

<screensaver name="anemotaxis" _label="Anemotaxis">

  <command arg="--root"/>

  <video href="https://www.youtube.com/watch?v=hIqmIQbQkW8"/>

  <number id="delay" type="slider" arg="--delay %"
          _label="Frame rate" _low-label="Low" _high-label="High"
          low="0" high="100000" default="20000"
          convert="invert"/>

  <number id="distance" type="slider" arg="--distance %"
           _label="Distance" _low-label="Near" _high-label="Far"
          low="10" high="250" default="40"/>

  <number id="sources" type="slider" arg="--sources %"
           _label="Sources" _low-label="Few" _high-label="Many"
          low="1" high="100" default="25"/>

  <number id="searchers" type="slider" arg="--searchers %"
           _label="Searchers" _low-label="Few" _high-label="Many"
          low="1" high="100" default="25"/>

  <boolean id="showfps" _label="Show frame rate" arg-set="--fps"/>

  <xscreensaver-updater />

  <_description>
Searches for a source of odor in a turbulent atmosphere.  The searcher
is able to sense the odor and determine local instantaneous wind
direction.  The goal is to find the source in the shortest mean time.

https://en.wikipedia.org/wiki/Anemotaxis

Written by Eugene Balkovsky; 2004.
  </_description>
</screensaver>
