<?xml version="1.0" encoding="ISO-8859-1"?>

<screensaver name="atunnel" _label="Atunnel" gl="yes">

  <command arg="--root"/>

  <video href="https://www.youtube.com/watch?v=mpCRbi3jkuc"/>

  <number id="delay" type="slider" arg="--delay %"
          _label="Frame rate" _low-label="Low" _high-label="High"
          low="0" high="100000" default="10000"
          convert="invert"/>

  <boolean id="tex"     _label="Textured"    arg-unset="--no-texture"/>
  <boolean id="light"   _label="Lighting"    arg-set="--light"/>
  <boolean id="wire"    _label="Wireframe"   arg-set="--wireframe"/>
  <boolean id="showfps" _label="Show frame rate" arg-set="--fps"/>

  <xscreensaver-updater />

  <_description>
Zooming through a textured tunnel.

Written by Eric Lassauge and Roman Podobedov; 2003.
  </_description>
</screensaver>
