<?xml version="1.0" encoding="ISO-8859-1"?>

<screensaver name="blaster" _label="Blaster">

  <command arg="--root"/>

  <video href="https://www.youtube.com/watch?v=bp3J3si2Hr0"/>

  <number id="delay" type="slider" arg="--delay %"
          _label="Frame rate" _low-label="Low" _high-label="High"
          low="0" high="100000" default="10000"
          convert="invert"/>

  <number id="num_robots" type="spinbutton" arg="--num_robots %"
          _label="Robots" low="2" high="50" default="5"/>

  <number id="num_lasers" type="spinbutton" arg="--num_lasers %"
          _label="Lasers" low="1" high="100" default="3"/>

  <number id="num_stars" type="slider" arg="--num_stars %"
          _label="Stars" _low-label="Few" _high-label="Many"
          low="5" high="200" default="50"/>

  <boolean id="showfps" _label="Show frame rate" arg-set="--fps"/>

  <xscreensaver-updater />

  <_description>
Flying space-combat robots (cleverly disguised as colored circles)
do battle in front of a moving star field.

Written by Jonathan Lin; 1999.
  </_description>
</screensaver>
