<?xml version="1.0" encoding="ISO-8859-1"?>

<screensaver name="blinkbox" _label="Blink Box" gl="yes">

  <command arg="--root"/>

  <video href="https://www.youtube.com/watch?v=lgjbHMcSd8U"/>

  <number id="delay" type="slider" arg="--delay %"
          _label="Frame rate" _low-label="Low" _high-label="High"
          low="0" high="100000" default="30000"
          convert="invert"/>

  <number id="boxsize" type="slider" arg="--boxsize %"
          _label="Box size" _low-label="Small" _high-label="Large"
          low="1" high="8" default="2"/>

  <hgroup>
   <boolean id="fade"      _label="Fade"        arg-unset="--no-fade"/>
   <boolean id="blur"      _label="Motion blur" arg-unset="--no-blur"/>
   <boolean id="dissolve"  _label="Dissolve"    arg-set="--dissolve"/>
   <boolean id="wire"      _label="Wireframe"   arg-set="--wireframe"/>
  </hgroup>

  <boolean id="showfps" _label="Show frame rate" arg-set="--fps"/>

  <xscreensaver-updater />

  <_description>
A motion-blurred ball bounces inside a box whose tiles only become
visible upon impact.

Written by Jeremy English; 2003.
  </_description>
</screensaver>
