<?xml version="1.0" encoding="ISO-8859-1"?>

<screensaver name="bouncingcow" _label="Bouncing Cow" gl="yes">

  <command arg="--root"/>

  <video href="https://www.youtube.com/watch?v=O_b5UWhv49w"/>

  <number id="delay" type="slider" arg="--delay %"
          _label="Frame rate" _low-label="Low" _high-label="High"
          low="0" high="100000" default="30000"
          convert="invert"/>

  <number id="speed" type="slider" arg="--speed %"
          _label="Bounce speed" _low-label="Slow" _high-label="Fast"
          low="0.05" high="2.0" default="1.0"
          convert="ratio"/>

  <number id="count" type="slider" arg="--count %"
          _label="Number of cows" _low-label="Moo" _high-label="Herd"
          low="1" high="9" default="1"/>

  <boolean id="mathematical"
   _label="Mathematically ideal cows (spherical, frictionless)"
   arg-set="--mathematical"/>

  <boolean id="wire"    _label="Wireframe" arg-set="--wireframe"/>
  <boolean id="showfps" _label="Show frame rate" arg-set="--fps"/>

  <xscreensaver-updater />

  <_description>
A Cow.  A Trampoline.  Together, they fight crime.

Written by Jamie Zawinski; 2003.
  </_description>
</screensaver>
