<?xml version="1.0" encoding="ISO-8859-1"?>

<screensaver name="braid" _label="Braid">

  <command arg="--root"/>

  <video href="https://www.youtube.com/watch?v=PUhJq56ViGM"/>

  <number id="delay" type="slider" arg="--delay %"
          _label="Frame rate" _low-label="Low" _high-label="High"
          low="0" high="100000" default="1000"
          convert="invert"/>

  <number id="cycles" type="slider" arg="--cycles %"
           _label="Duration" _low-label="Short" _high-label="Long"
          low="0" high="500" default="100"/>

  <number id="ncolors" type="slider" arg="--ncolors %"
            _label="Number of colors" _low-label="Two" _high-label="Many"
            low="1" high="255" default="64"/>

  <hgroup>
  <number id="count" type="spinbutton" arg="--count %"
          _label="Number of rings" low="3" high="15" default="15"/>

  <number id="size" type="spinbutton" arg="--size %"
           _label="Line thickness" low="-20" high="20" default="-7"/>
  </hgroup>

  <boolean id="showfps" _label="Show frame rate" arg-set="--fps"/>

  <xscreensaver-updater />

  <_description>
Inter-braided concentric circles.

Written by John Neil; 1997.
  </_description>
</screensaver>
