<?xml version="1.0" encoding="ISO-8859-1"?>

<screensaver name="chompytower" _label="Chompy Tower" gl="yes">

  <command arg="--root"/>

  <video href="https://www.youtube.com/watch?v=pQh_hLUKPao"/>

  <hgroup>
   <vgroup>
    <number id="delay" type="slider" arg="--delay %"
            _label="Frame rate" _low-label="Low" _high-label="High"
            low="0" high="100000" default="30000"
            convert="invert"/>

    <number id="speed" type="slider" arg="--speed %"
            _label="Scrolling speed" _low-label="Slow" _high-label="Fast"
            low="0.01" high="8.0" default="1.0"
            convert="ratio"/>

    <number id="resolution" type="slider" arg="--resolution %"
            _label="Resolution" _low-label="Low" _high-label="high"
            low="0.1" high="4.0" default="1.0"
            convert="ratio"/>

    <hgroup>
      <boolean id="spin"    _label="Spin"   arg-unset="--no-spin"/>
      <boolean id="wander"  _label="Wander" arg-set="--wander"/>
      <boolean id="tilt"    _label="Tilt"   arg-unset="--no-tilt"/>
      <boolean id="smooth"  _label="Smooth" arg-unset="--no-smooth"/>
      <boolean id="wire"    _label="Wireframe" arg-set="--wireframe"/>
      <boolean id="showfps" _label="Show frame rate" arg-set="--fps"/>
    </hgroup>
   </vgroup>

  </hgroup>

  <xscreensaver-updater />

  <_description>
This tree's got teeth!

Written by Jamie Zawinski; 2022.
  </_description>
</screensaver>
