<?xml version="1.0" encoding="ISO-8859-1"?>

<screensaver name="coral" _label="Coral">

  <command arg="--root"/>

  <video href="https://www.youtube.com/watch?v=3WTSvzJcQhw"/>

  <number id="delay2" type="slider" arg="--delay2 %"
          _label="Frame rate" _low-label="Low" _high-label="High"
          low="1" high="500000" default="20000"
          convert="invert"/>

  <number id="delay" type="slider" arg="--delay %"
          _label="Linger" _low-label="1 second" _high-label="1 minute"
          low="1" high="60" default="5"/>

  <number id="density" type="slider" arg="--density %"
          _label="Density" _low-label="Sparse" _high-label="Dense"
          low="1" high="90" default="25"/>

  <number id="seeds" type="slider" arg="--seeds %"
          _label="Seeds" _low-label="Few" _high-label="Many"
          low="1" high="100" default="20"/>

  <boolean id="showfps" _label="Show frame rate" arg-set="--fps"/>

  <xscreensaver-updater />

  <_description>
Simulates colorful coral growth.

Written by Frederick Roeber; 1997.
  </_description>
</screensaver>
