<?xml version="1.0" encoding="ISO-8859-1"?>

<screensaver name="covid19" _label="COVID19" gl="yes">

  <command arg="--root"/>

  <video href="https://www.youtube.com/watch?v=xJDxZXbO8mY"/>

  <number id="delay" type="slider" arg="--delay %"
          _label="Frame rate" _low-label="Low" _high-label="High"
          low="0" high="100000" default="30000"
          convert="invert"/>

  <number id="speed" type="slider" arg="--speed %"
          _label="Speed" _low-label="Slow" _high-label="Fast"
          low="0.1" high="4.0" default="1.0"
          convert="ratio"/>

  <number id="count" type="slider" arg="--count %"
          _label="Government Response"
          _low-label="Taiwan" _high-label="United States"
          low="1" high="400" default="60"/>

  <hgroup>
   <boolean id="wander" _label="Wander"    arg-unset="--no-wander"/>
   <boolean id="spin"   _label="Spin"      arg-unset="--no-spin"/>
   <boolean id="wire"   _label="Wireframe" arg-set="--wireframe"/>
  </hgroup>

  <boolean id="showfps" _label="Show frame rate" arg-set="--fps"/>

  <xscreensaver-updater />

  <_description>
SARS-CoV-2. Get vaccinated. Wear a mask.

Written by Jamie Zawinski; 2020.
  </_description>
</screensaver>
