<?xml version="1.0" encoding="ISO-8859-1"?>

<screensaver name="deluxe" _label="Deluxe">

  <command arg="--root"/>

  <video href="https://www.youtube.com/watch?v=2CsKEVR3ecs"/>

  <number id="delay" type="slider" arg="--delay %"
          _label="Frame rate" _low-label="Low" _high-label="High"
          low="0" high="50000" default="10000"
          convert="invert"/>

  <number id="thickness" type="slider" arg="--thickness %"
          _label="Lines" _low-label="Thin" _high-label="Thick"
          low="1" high="150" default="50"/>

  <number id="count" type="slider" arg="--count %"
          _label="Shapes" _low-label="1" _high-label="20"
           low="1" high="20" default="5"/>

  <number id="ncolors" type="slider" arg="--ncolors %"
            _label="Number of colors" _low-label="Two" _high-label="Many"
            low="1" high="255" default="20"/>

  <boolean id="transparent" _label="Transparency" arg-unset="--no-transparent"/>

  <boolean id="showfps" _label="Show frame rate" arg-set="--fps"/>

  <xscreensaver-updater />

  <_description>
Pulsing stars, circles, and lines.

Written by Jamie Zawinski; 1999.
  </_description>
</screensaver>
