<?xml version="1.0" encoding="ISO-8859-1"?>

<screensaver name="discoball" _label="Discoball" gl="yes">

  <command arg="--root"/>

  <video href="https://www.youtube.com/watch?v=8yd4PYJQrMw"/>

  <number id="delay" type="slider" arg="--delay %"
          _label="Frame rate" _low-label="Low" _high-label="High"
          low="0" high="100000" default="30000"
          convert="invert"/>

  <number id="speed" type="slider" arg="--speed %"
          _label="Speed" _low-label="Slow" _high-label="Fast"
          low="0.1" high="5" default="1.0"
          convert="ratio"/>

  <number id="count" type="slider" arg="--count %"
          _label="Size" _low-label="Small" _high-label="Large"
          low="10" high="100" default="30"/>

  <hgroup>
   <boolean id="wander" _label="Wander"    arg-unset="--no-wander"/>
   <boolean id="spin"   _label="Spin"      arg-set="--spin"/>
   <boolean id="wire"   _label="Wireframe" arg-set="--wireframe"/>
  </hgroup>

  <boolean id="showfps" _label="Show frame rate" arg-set="--fps"/>

  <xscreensaver-updater />

  <_description>
A dusty, dented disco ball.  Woop woop.

Written by Jamie Zawinski; 2016.
  </_description>
</screensaver>
