<?xml version="1.0" encoding="ISO-8859-1"?>

<screensaver name="dumpsterfire" _label="Dumpster Fire" gl="yes">

  <command arg="--root"/>

  <video href="https://www.youtube.com/watch?v=9XZQ3xLS4O8"/>

  <number id="delay" type="slider" arg="--delay %"
          _label="Frame rate" _low-label="Low" _high-label="High"
          low="0" high="100000" default="20000"
          convert="invert"/>

  <number id="speed" type="slider" arg="--speed %"
          _label="Speed" _low-label="Slow" _high-label="Fast"
          low="0.01" high="10.0" default="1.0"
          convert="ratio"/>

  <number id="density" type="slider" arg="--density %"
          _label="Flame Density" _low-label="Low" _high-label="High"
          low="0.25" high="4.0" default="1.0"
          convert="ratio"/>

  <hgroup>
   <boolean id="wander" _label="Wander"    arg-unset="--no-wander"/>
   <boolean id="spin"   _label="Spin"      arg-unset="--no-spin"/>
   <boolean id="wire"   _label="Wireframe" arg-set="--wireframe"/>
  </hgroup>

  <boolean id="showfps" _label="Show frame rate" arg-set="--fps"/>

  <xscreensaver-updater />

  <_description>
It's a dumpster. It's on fire. It's a metaphor for This Modern World.

Written by Jamie Zawinski; 2025.
  </_description>
</screensaver>
