<?xml version="1.0" encoding="ISO-8859-1"?>

<screensaver name="fadeplot" _label="Fade Plot">

  <command arg="--root"/>

  <video href="https://www.youtube.com/watch?v=Cev034v37JM"/>

  <number id="delay" type="slider" arg="--delay %"
          _label="Frame rate" _low-label="Low" _high-label="High"
          low="0" high="100000" default="30000"
          convert="invert"/>

  <number id="count" type="slider" arg="--count %"
          _label="Thickness" _low-label="Thin" _high-label="Thick"
           low="0" high="30" default="10"/>

  <number id="cycles" type="slider" arg="--cycles %"
           _label="Cycles" _low-label="Small" _high-label="Large"
          low="0" high="10000" default="1500"/>

  <number id="ncolors" type="slider" arg="--ncolors %"
            _label="Number of colors" _low-label="Two" _high-label="Many"
            low="1" high="255" default="64"/>

  <boolean id="showfps" _label="Show frame rate" arg-set="--fps"/>

  <xscreensaver-updater />

  <_description>
A waving ribbon follows a sinusoidal path.

Written by Bas van Gaalen and Charles Vidal; 1997.
  </_description>
</screensaver>
