<?xml version="1.0" encoding="ISO-8859-1"?>

<screensaver name="glforestfire" _label="GL Forest Fire" gl="yes">

  <command arg="--root"/>

  <video href="https://www.youtube.com/watch?v=_0Ff3qHUfsA"/>

  <number id="delay" type="slider" arg="--delay %"
          _label="Frame rate" _low-label="Low" _high-label="High"
          low="0" high="100000" default="10000"
          convert="invert"/>

  <number id="count" type="slider" arg="--count %"
          _label="Count" _low-label="Rain" _high-label="Huge fire"
          low="0" high="8000" default="800"/>

  <number id="trees" type="slider" arg="--trees %"
          _label="Number of trees" _low-label="Desert" _high-label="Forest"
          low="0" high="20" default="5"/>

  <hgroup>
   <vgroup>
    <boolean id="wander"  _label="Wander"    arg-unset="--no-wander"/>
    <boolean id="tex"     _label="Textures"  arg-unset="--no-texture"/>
    <boolean id="shadow"  _label="Shadows"   arg-unset="--no-shadows"/>
   </vgroup>
   <vgroup>
    <boolean id="fog"     _label="Fog"         arg-set="--fog"/>
    <boolean id="wire"    _label="Wireframe"   arg-set="--wireframe"/>
    <boolean id="showfps" _label="Show frame rate" arg-set="--fps"/>
   </vgroup>
  </hgroup>

  <xscreensaver-updater />

  <_description>
This screen saver was removed from the XScreenSaver distribution as of
version 5.08.

Draws an animation of sprinkling fire-like 3D triangles in a landscape
filled with trees.  

Written by Eric Lassauge; 2002.
  </_description>
</screensaver>
