<?xml version="1.0" encoding="ISO-8859-1"?>

<screensaver name="hextrail" _label="Hex Trail" gl="yes">

  <command arg="--root"/>

  <video href="https://www.youtube.com/watch?v=gXcEitEmLbw"/>

  <hgroup>
   <vgroup>
    <number id="delay" type="slider" arg="--delay %"
            _label="Frame rate" _low-label="Low" _high-label="High"
            low="0" high="100000" default="30000"
            convert="invert"/>

    <number id="speed" type="slider" arg="--speed %"
            _label="Speed" _low-label="Slow" _high-label="Fast"
            low="0.1" high="20" default="1.0"
            convert="ratio"/>
   </vgroup>

   <vgroup>
    <number id="count" type="slider" arg="--count %"
            _label="Hexagon Size" _low-label="Small" _high-label="Large"
            low="2" high="80" default="20"
            convert="invert"/>

    <number id="thickness" type="slider" arg="--thickness %"
            _label="Line Thickness" _low-label="Thin" _high-label="Thick"
            low="0.01" high="0.5" default="0.15"/>
   </vgroup>
  </hgroup>

  <hgroup>
   <boolean id="wander" _label="Wander"    arg-unset="--no-wander"/>
   <boolean id="spin"   _label="Spin"      arg-unset="--no-spin"/>
   <boolean id="wire"   _label="Wireframe" arg-set="--wireframe"/>
   <boolean id="showfps" _label="Show frame rate" arg-set="--fps"/>
  </hgroup>

  <xscreensaver-updater />

  <_description>
A network of colorful lines grows upon a hexagonal substrate.

Written by Jamie Zawinski; 2022.
  </_description>
</screensaver>
