<?xml version="1.0" encoding="UTF-8"?>

<screensaver name="highvoltage" _label="High Voltage" gl="yes">

  <command arg="--root"/>

  <video href="https://www.youtube.com/watch?v=KG8Zy2Kf7bc"/>

  <hgroup>
   <vgroup>

    <number id="delay" type="slider" arg="--delay %"
            _label="Frame rate" _low-label="Low" _high-label="High"
            low="0" high="100000" default="30000"
            convert="invert"/>

    <number id="speed" type="slider" arg="--speed %"
            _label="Speed" _low-label="Slow" _high-label="Fast"
            low="0.01" high="8.0" default="1.0"
            convert="ratio"/>
   </vgroup>
   <vgroup>


    <number id="spacing" type="slider" arg="--spacing %"
            _label="Spacing" _low-label="Closer" _high-label="Farther"
            low="0.1" high="5.0" default="1.0"
            convert="ratio"/>

    <number id="count" type="slider" arg="--count %"
            _label="Number of towers" _low-label="One" _high-label="Lots"
            low="1" high="40" default="7"/>
   </vgroup>
  </hgroup>

  <xscreensaver-updater />

  <_description>
A leisurely flight past some high voltage transmission towers.
Smell the ozone! ⚠⚡⚠⚡⚠⚡

https://en.wikipedia.org/wiki/Transmission_tower

Written by Jamie Zawinski; 2024.
  </_description>
</screensaver>
