<?xml version="1.0" encoding="ISO-8859-1"?>

<screensaver name="kallisti" _label="Kallisti" gl="yes">

  <command arg="--root"/>

  <video href="https://www.youtube.com/watch?v=RL-DlEe0hkk"/>

  <hgroup>
   <vgroup>

    <number id="delay" type="slider" arg="--delay %"
            _label="Frame rate" _low-label="Low" _high-label="High"
            low="0" high="100000" default="30000"
            convert="invert"/>

    <number id="speed" type="slider" arg="--speed %"
            _label="Speed" _low-label="Slow" _high-label="Fast"
            low="0.02" high="5.0" default="1.0"
            convert="ratio"/>

   </vgroup>

   <vgroup>
    <boolean id="wander" _label="Wander" arg-set="--wander"/>

    <select id="rotation">
      <option id="no"  _label="Don't rotate"               arg-set="--spin 0"/>
      <option id="x"   _label="Rotate around X axis"       arg-set="--spin X"/>
      <option id="y"   _label="Rotate around Y axis"/>
      <option id="z"   _label="Rotate around Z axis"       arg-set="--spin Z"/>
      <option id="xy"  _label="Rotate around X and Y axes" arg-set="--spin XY"/>
      <option id="xz"  _label="Rotate around X and Z axes" arg-set="--spin XZ"/>
      <option id="yz"  _label="Rotate around Y and Z axes" arg-set="--spin YZ"/>
      <option id="xyz" _label="Rotate around all three axes"
              arg-set="--spin XYZ"/>
    </select>

    <boolean id="showfps" _label="Show frame rate" arg-set="--fps"/>

    <xscreensaver-updater />

   </vgroup>
  </hgroup>

  <_description>
The golden apple of discord.

Greek goddess Eris was not invited to a wedding; her retort was to toss in a
golden apple, inscribed: "to the fairest".  Hera, Athena and Aphrodite
squabbled over it; Zeus noped out, telling Paris of Troy to decide. They all
cheated, but Aphrodite won by letting Paris abduct and marry Helen of Sparta.
The Greeks objected to this, leading to the Trojan War.

Do you want to launch a thousand ships? Because this is how you launch a
thousand ships.

https://en.wikipedia.org/wiki/Judgement_of_Paris

Written by Jamie Zawinski and Jared Williams; 2024.
  </_description>
</screensaver>
