<?xml version="1.0" encoding="ISO-8859-1"?>

<screensaver name="laser" _label="Laser">

  <command arg="--root"/>

  <video href="https://www.youtube.com/watch?v=QjPEa3KDlsw"/>

  <number id="delay" type="slider" arg="--delay %"
          _label="Frame rate" _low-label="Low" _high-label="High"
          low="0" high="100000" default="40000"
          convert="invert"/>

  <number id="count" type="spinbutton" arg="--count %"
          _label="Count" low="0" high="20" default="10"/>

  <number id="cycles" type="slider" arg="--cycles %"
           _label="Duration" _low-label="Short" _high-label="Long"
          low="0" high="2000" default="200"/>

  <number id="ncolors" type="slider" arg="--ncolors %"
            _label="Number of colors" _low-label="Two" _high-label="Many"
            low="1" high="255" default="64"/>

  <boolean id="showfps" _label="Show frame rate" arg-set="--fps"/>

  <xscreensaver-updater />

  <_description>
This screen saver was removed from the XScreenSaver distribution as of
version 5.08.

Moving radiating lines, that look vaguely like scanning laser beams.
(Frankie say relax.)

Written by Pascal Pensa; 1997.
  </_description>
</screensaver>
