<?xml version="1.0" encoding="ISO-8859-1"?>

<screensaver name="lisa" _label="Lisa">

  <command arg="--root"/>

  <video href="https://www.youtube.com/watch?v=AUbAuARmlnE"/>

  <hgroup>
   <vgroup>
    <number id="delay" type="slider" arg="--delay %"
            _label="Frame rate" _low-label="Low" _high-label="High"
            low="0" high="50000" default="17000"
            convert="invert"/>

    <number id="cycles" type="slider" arg="--cycles %"
             _label="Steps" _low-label="Few" _high-label="Many"
            low="1" high="1000" default="768"/>

    <number id="ncolors" type="slider" arg="--ncolors %"
              _label="Number of colors" _low-label="Two" _high-label="Many"
              low="1" high="255" default="64"/>
   </vgroup>

   <vgroup>
    <number id="size" type="slider" arg="--size %"
              _label="Size" _low-label="Small" _high-label="Large"
              low="10" high="500" default="500"/>

    <number id="count" type="slider" arg="--count %"
            _label="Count" _low-label="1" _high-label="20"
             low="0" high="20" default="1"/>

    <boolean id="showfps" _label="Show frame rate" arg-set="--fps"/>
   </vgroup>
  </hgroup>

  <xscreensaver-updater />

  <_description>
This screen saver was removed from the XScreenSaver distribution as of
version 5.08.

Lissajous loops.

https://en.wikipedia.org/wiki/Lissajous_curve

Written by Caleb Cullen; 1997.
  </_description>
</screensaver>
