<?xml version="1.0" encoding="ISO-8859-1"?>

<screensaver name="memscroller" _label="Mem Scroller">

  <command arg="--root"/>

  <video href="https://www.youtube.com/watch?v=DQJRNlTKCdA"/>

  <number id="delay" type="slider" arg="--delay %"
          _label="Frame rate" _low-label="Low" _high-label="High"
          low="0" high="100000" default="10000"
          convert="invert"/>

  <hgroup>
   <select id="seedMode">
     <option id="ram"    _label="Dump memory"/>
     <option id="random" _label="Draw random numbers" arg-set="--random"/>
   </select>

   <select id="drawMode">
     <option id="color" _label="Draw in RGB"/>
     <option id="mono"  _label="Draw green" arg-set="--mono"/>
   </select>
  </hgroup>

  <boolean id="showfps" _label="Show frame rate" arg-set="--fps"/>

  <xscreensaver-updater />

  <_description>
Scrolls a dump of its own memory in three windows at three different rates.

Written by Jamie Zawinski; 2004.
  </_description>
</screensaver>
