<?xml version="1.0" encoding="ISO-8859-1"?>

<screensaver name="peepers" _label="Peepers" gl="yes">

  <command arg="--root"/>

  <video href="https://www.youtube.com/watch?v=9xwPoLRKff8"/>

  <hgroup>
   <vgroup>
    <number id="delay" type="slider" arg="--delay %"
            _label="Frame rate" _low-label="Low" _high-label="High"
            low="0" high="100000" default="30000"
            convert="invert"/>

    <number id="speed" type="slider" arg="--speed %"
            _label="Speed" _low-label="Slow" _high-label="Fast"
            low="0.05" high="2.0" default="1.0"
            convert="ratio"/>

    <number id="count" type="slider" arg="--count %"
            _label="Number of eyes" _low-label="Few" _high-label="Many"
            low="0" high="50" default="0"/>
   </vgroup>

   <vgroup>

    <select id="mode">
     <option id="bounce"    _label="Bounce" arg-set="--mode bounce"/>
     <option id="scroll"    _label="Scroll" arg-set="--mode scroll"/>
     <option id="random"    _label="Bounce or scroll"/>
     <option id="xeyes"     _label="Grid" arg-set="--mode xeyes"/>
     <option id="beholder"  _label="Beholder" arg-set="--mode beholder"/>
    </select>

    <boolean id="wire"    _label="Wireframe" arg-set="--wireframe"/>
    <boolean id="showfps" _label="Show frame rate" arg-set="--fps"/>

    <xscreensaver-updater />
   </vgroup>
  </hgroup>

  <_description>
Floating eyeballs. Anatomically correct, and they also track the pointer.

Written by Jamie Zawinski; 2018.
  </_description>
</screensaver>
