<?xml version="1.0" encoding="ISO-8859-1"?>

<screensaver name="qix" _label="Qix">

  <command arg="--root"/>

  <video href="https://www.youtube.com/watch?v=GPqDtJ0vF8U"/>

  <hgroup>
   <vgroup>
    <number id="delay" type="slider" arg="--delay %"
            _label="Frame rate" _low-label="Low" _high-label="High"
            low="0" high="100000" default="10000"
            convert="invert"/>

    <number id="segments" type="slider" arg="--segments %"
            _label="Segments" _low-label="Few" _high-label="Many"
            low="10" high="500" default="250"/>

    <number id="spread" type="slider" arg="--spread %"
            _label="Density" _low-label="Sparse" _high-label="Dense"
            low="1" high="50" default="8"
            convert="invert"/>

    <number id="color_contrast" type="slider" arg="--color-shift %"
            _label="Color contrast" _low-label="Low" _high-label="High"
             low="0" high="25" default="3"/>
   </vgroup>
   <vgroup>
    <select id="fill">
      <option id="lines" _label="Line segments" arg-set="--hollow"/>
      <option id="solid" _label="Solid objects"/>
    </select>

    <select id="motion">
      <option id="linear" _label="Linear motion"/>
      <option id="random" _label="Random motion" arg-set="--random"/>
    </select>

    <select id="color-mode">
      <option id="additive" _label="Additive colors"/>
      <option id="subtractive" _label="Subtractive colors"
              arg-set="--subtractive"/>
    </select>

    <number id="count" type="spinbutton" arg="--count %"
            _label="Count" low="0" high="20" default="4"/>
    <number id="size" type="spinbutton" arg="--size %"
             _label="Max size" low="200" high="1000" default="200"/>
    <number id="poly" type="spinbutton" arg="--poly %"
             _label="Poly corners" low="2" high="100" default="2"/>
   </vgroup>
  </hgroup>

  <hgroup>
   <boolean id="transparent" _label="Transparent" arg-unset="--non-transparent"/>
   <boolean id="xor" _label="XOR" arg-set="--xor"/>
   <boolean id="gravity" _label="Gravity" arg-set="--gravity"/>
   <boolean id="showfps" _label="Show frame rate" arg-set="--fps"/>
  </hgroup>

  <xscreensaver-updater />

  <_description>
Bounces a series of line segments around the screen with various
presentations.

https://en.wikipedia.org/wiki/Qix

Written by Jamie Zawinski; 1992.
  </_description>
</screensaver>
