<?xml version="1.0" encoding="ISO-8859-1"?>

<screensaver name="rotor" _label="Rotor">

  <command arg="--root"/>

  <video href="https://www.youtube.com/watch?v=HWcEvT1keDA"/>

  <number id="delay" type="slider" arg="--delay %"
          _label="Frame rate" _low-label="Low" _high-label="High"
          low="0" high="100000" default="10000"
          convert="invert"/>

  <number id="cycles" type="slider" arg="--cycles %"
           _label="Length" _low-label="Short" _high-label="Long"
          low="2" high="100" default="20"/>

  <number id="ncolors" type="slider" arg="--ncolors %"
            _label="Number of colors" _low-label="Two" _high-label="Many"
            low="1" high="255" default="200"/>

  <number id="count" type="spinbutton" arg="--count %"
          _label="Count" low="0" high="20" default="4"/>

  <number id="size" type="spinbutton" arg="--size %"
           _label="Size" low="-50" high="50" default="-6"/>

  <boolean id="showfps" _label="Show frame rate" arg-set="--fps"/>

  <xscreensaver-updater />

  <_description>
This screen saver was removed from the XScreenSaver distribution as of
version 5.08.

Draws a line segment moving along a complex spiraling curve.

Written by Tom Lawrence; 1997.
  </_description>
</screensaver>
