<?xml version="1.0" encoding="ISO-8859-1"?>

<screensaver name="shadebobs" _label="Shade Bobs">

  <command arg="--root"/>

  <video href="https://www.youtube.com/watch?v=gJtxnQ5_8Zk"/>

  <number id="delay" type="slider" arg="--delay %"
          _label="Frame rate" _low-label="Low" _high-label="High"
          low="0" high="20000" default="10000"
          convert="invert"/>

  <number id="ncolors" type="slider" arg="--ncolors %"
            _label="Number of colors" _low-label="Two" _high-label="Many"
            low="1" high="255" default="64"/>

  <number id="count" type="slider" arg="--count %"
          _label="Count" _low-label="One" _high-label="Many"
          low="1" high="20" default="4"/>

  <number id="cycles" type="slider" arg="--cycles %"
           _label="Duration" _low-label="Short" _high-label="Long"
          low="0" high="100" default="10"/>

  <boolean id="showfps" _label="Show frame rate" arg-set="--fps"/>

  <xscreensaver-updater />

  <_description>
Oscillating oval patterns that look something like vapor trails or neon tubes.

Written by Shane Smit; 1999.
  </_description>
</screensaver>
