<?xml version="1.0" encoding="ISO-8859-1"?>

<screensaver name="skulloop" _label="Skulloop" gl="yes">

  <command arg="--root"/>

  <video href="https://www.youtube.com/watch?v=qyVAs8iMV6k"/>

  <number id="delay" type="slider" arg="--delay %"
          _label="Frame rate" _low-label="Low" _high-label="High"
          low="0" high="100000" default="30000"
          convert="invert"/>

  <number id="speed" type="slider" arg="--speed %"
          _label="Speed" _low-label="Slow" _high-label="Fast"
          low="0.1" high="3" default="1.0"/>

  <hgroup>
   <boolean id="wire"   _label="Wireframe" arg-set="--wireframe"/>
   <boolean id="showfps" _label="Show frame rate" arg-set="--fps"/>
  </hgroup>

  <xscreensaver-updater />

  <_description>
Recursive descent into a Platonic unit skull.

Written by Jamie Zawinski; 2023.
  </_description>
</screensaver>
