<?xml version="1.0" encoding="ISO-8859-1"?>

<screensaver name="slip" _label="Slip">

  <command arg="--root"/>

  <video href="https://www.youtube.com/watch?v=BgzNvBm4MuE"/>

  <hgroup>
   <vgroup>
    <number id="delay" type="slider" arg="--delay %"
            _label="Frame rate" _low-label="Low" _high-label="High"
            low="0" high="100000" default="50000"
            convert="invert"/>

    <number id="count" type="slider" arg="--count %"
            _label="Count" _low-label="Few" _high-label="Many"
             low="0" high="100" default="35"/>
   </vgroup>

   <vgroup>
    <number id="cycles" type="slider" arg="--cycles %"
             _label="Timeout" _low-label="Small" _high-label="Large"
            low="0" high="100" default="50"/>

    <number id="ncolors" type="slider" arg="--ncolors %"
              _label="Number of colors" _low-label="Two" _high-label="Many"
              low="1" high="255" default="200"/>
   </vgroup>
  </hgroup>

  <xscreensaver-image />

  <boolean id="showfps" _label="Show frame rate" arg-set="--fps"/>

  <xscreensaver-updater />

  <_description>
A jet engine consumes the image, then puts it through a spin cycle.

Written by Scott Draves and Jamie Zawinski; 1997.
  </_description>
</screensaver>
