<?xml version="1.0" encoding="ISO-8859-1"?>

<screensaver name="splodesic" _label="Splodesic" gl="yes">

  <command arg="--root"/>

  <video href="https://www.youtube.com/watch?v=pwpTs1pEQmM"/>

  <number id="delay" type="slider" arg="--delay %"
          _label="Frame rate" _low-label="Low" _high-label="High"
          low="0" high="100000" default="30000"
          convert="invert"/>
  <number id="speed" type="slider" arg="--speed %"
          _label="Eruption frequency" _low-label="Seldom" _high-label="Often"
          low="0.01" high="5.0" default="1.0"
          convert="ratio"/>

  <hgroup>
   <number id="freq" type="spinbutton" arg="--depth %"
           _label="Depth" low="0" high="5" default="4"/>
   <boolean id="wander" _label="Wander"    arg-unset="--no-wander"/>
   <boolean id="spin"   _label="Spin"      arg-unset="--no-spin"/>
   <boolean id="showfps" _label="Show frame rate" arg-set="--fps"/>
  </hgroup>

  <xscreensaver-updater />

  <_description>
A geodesic sphere experiences a series of eruptions.

Written by Jamie Zawinski; 2016.
  </_description>
</screensaver>
