<?xml version="1.0" encoding="ISO-8859-1"?>

<screensaver name="worm" _label="Worm">

  <command arg="--root"/>

  <video href="https://www.youtube.com/watch?v=-S26J2Ja11g"/>

  <number id="delay" type="slider" arg="--delay %"
          _label="Frame rate" _low-label="Low" _high-label="High"
          low="0" high="100000" default="17000"
          convert="invert"/>

  <number id="ncolors" type="slider" arg="--ncolors %"
            _label="Number of colors" _low-label="Two" _high-label="Many"
            low="1" high="255" default="150"/>

  <number id="count" type="spinbutton" arg="--count %"
          _label="Count" low="-100" high="100" default="-20"/>

  <number id="size" type="spinbutton" arg="--size %"
           _label="Size" low="-20" high="20" default="-3"/>

  <boolean id="showfps" _label="Show frame rate" arg-set="--fps"/>

  <xscreensaver-updater />

  <_description>
This screen saver was removed from the XScreenSaver distribution as of
version 5.08.

Draws multicolored worms that crawl around the screen.

Written by Brad Taylor, Dave Lemke, Boris Putanec, and Henrik Theiling; 1991.
  </_description>
</screensaver>
