<?xml version="1.0" encoding="utf-8"?>
<manifest package="com.avalonia.control-catalog" version="1.0.0" api-version="8.0" xmlns="http://tizen.org/ns/packages">
    <profile name="common" />
    <ui-application appid="com.avalonia.SingleProjectSandbox" exec="SingleProjectSandbox.dll" multiple="false" nodisplay="false" taskmanage="true" type="dotnet" hw-acceleration="on" launch_mode="single">
        <label>Avalonia</label>
        <icon>Avalonia.png</icon>
        <metadata key="http://tizen.org/metadata/prefer_dotnet_aot" value="true" />
        <splash-screens />
    </ui-application>
    <shortcut-list />
    <privileges>
        <privilege>http://tizen.org/privilege/appdir.shareddata</privilege>
        <privilege>http://tizen.org/privilege/appmanager.launch</privilege>
        <privilege>http://tizen.org/privilege/externalstorage</privilege>
        <privilege>http://tizen.org/privilege/externalstorage.appdata</privilege>
        <privilege>http://tizen.org/privilege/internet</privilege>
        <privilege>http://tizen.org/privilege/network.get</privilege>
    </privileges>
    <dependencies />
    <provides-appdefined-privileges />
    <feature>http://tizen.org/feature/opengles.surfaceless_context</feature>
    <feature>http://tizen.org/feature/opengles.version.2_0</feature>
</manifest>
