﻿<?xml version="1.0" encoding="utf-8"?>
<!-- https://learn.microsoft.com/en-us/dotnet/fundamentals/package-validation/diagnostic-ids -->
<Suppressions xmlns:xsi="http://www.w3.org/2001/XMLSchema-instance" xmlns:xsd="http://www.w3.org/2001/XMLSchema">
  <Suppression>
    <DiagnosticId>CP0001</DiagnosticId>
    <Target>T:Avalonia.Win32.Interop.Automation.DockPosition</Target>
    <Left>baseline/netstandard2.0/Avalonia.Win32.dll</Left>
    <Right>target/netstandard2.0/Avalonia.Win32.dll</Right>
  </Suppression>
  <Suppression>
    <DiagnosticId>CP0001</DiagnosticId>
    <Target>T:Avalonia.Win32.Interop.Automation.IDockProvider</Target>
    <Left>baseline/netstandard2.0/Avalonia.Win32.dll</Left>
    <Right>target/netstandard2.0/Avalonia.Win32.dll</Right>
  </Suppression>
  <Suppression>
    <DiagnosticId>CP0001</DiagnosticId>
    <Target>T:Avalonia.Win32.Interop.Automation.IExpandCollapseProvider</Target>
    <Left>baseline/netstandard2.0/Avalonia.Win32.dll</Left>
    <Right>target/netstandard2.0/Avalonia.Win32.dll</Right>
  </Suppression>
  <Suppression>
    <DiagnosticId>CP0001</DiagnosticId>
    <Target>T:Avalonia.Win32.Interop.Automation.IGridItemProvider</Target>
    <Left>baseline/netstandard2.0/Avalonia.Win32.dll</Left>
    <Right>target/netstandard2.0/Avalonia.Win32.dll</Right>
  </Suppression>
  <Suppression>
    <DiagnosticId>CP0001</DiagnosticId>
    <Target>T:Avalonia.Win32.Interop.Automation.IGridProvider</Target>
    <Left>baseline/netstandard2.0/Avalonia.Win32.dll</Left>
    <Right>target/netstandard2.0/Avalonia.Win32.dll</Right>
  </Suppression>
  <Suppression>
    <DiagnosticId>CP0001</DiagnosticId>
    <Target>T:Avalonia.Win32.Interop.Automation.IInvokeProvider</Target>
    <Left>baseline/netstandard2.0/Avalonia.Win32.dll</Left>
    <Right>target/netstandard2.0/Avalonia.Win32.dll</Right>
  </Suppression>
  <Suppression>
    <DiagnosticId>CP0001</DiagnosticId>
    <Target>T:Avalonia.Win32.Interop.Automation.IMultipleViewProvider</Target>
    <Left>baseline/netstandard2.0/Avalonia.Win32.dll</Left>
    <Right>target/netstandard2.0/Avalonia.Win32.dll</Right>
  </Suppression>
  <Suppression>
    <DiagnosticId>CP0001</DiagnosticId>
    <Target>T:Avalonia.Win32.Interop.Automation.IRangeValueProvider</Target>
    <Left>baseline/netstandard2.0/Avalonia.Win32.dll</Left>
    <Right>target/netstandard2.0/Avalonia.Win32.dll</Right>
  </Suppression>
  <Suppression>
    <DiagnosticId>CP0001</DiagnosticId>
    <Target>T:Avalonia.Win32.Interop.Automation.IRawElementProviderAdviseEvents</Target>
    <Left>baseline/netstandard2.0/Avalonia.Win32.dll</Left>
    <Right>target/netstandard2.0/Avalonia.Win32.dll</Right>
  </Suppression>
  <Suppression>
    <DiagnosticId>CP0001</DiagnosticId>
    <Target>T:Avalonia.Win32.Interop.Automation.IRawElementProviderFragment</Target>
    <Left>baseline/netstandard2.0/Avalonia.Win32.dll</Left>
    <Right>target/netstandard2.0/Avalonia.Win32.dll</Right>
  </Suppression>
  <Suppression>
    <DiagnosticId>CP0001</DiagnosticId>
    <Target>T:Avalonia.Win32.Interop.Automation.IRawElementProviderFragmentRoot</Target>
    <Left>baseline/netstandard2.0/Avalonia.Win32.dll</Left>
    <Right>target/netstandard2.0/Avalonia.Win32.dll</Right>
  </Suppression>
  <Suppression>
    <DiagnosticId>CP0001</DiagnosticId>
    <Target>T:Avalonia.Win32.Interop.Automation.IRawElementProviderSimple</Target>
    <Left>baseline/netstandard2.0/Avalonia.Win32.dll</Left>
    <Right>target/netstandard2.0/Avalonia.Win32.dll</Right>
  </Suppression>
  <Suppression>
    <DiagnosticId>CP0001</DiagnosticId>
    <Target>T:Avalonia.Win32.Interop.Automation.IRawElementProviderSimple2</Target>
    <Left>baseline/netstandard2.0/Avalonia.Win32.dll</Left>
    <Right>target/netstandard2.0/Avalonia.Win32.dll</Right>
  </Suppression>
  <Suppression>
    <DiagnosticId>CP0001</DiagnosticId>
    <Target>T:Avalonia.Win32.Interop.Automation.IScrollItemProvider</Target>
    <Left>baseline/netstandard2.0/Avalonia.Win32.dll</Left>
    <Right>target/netstandard2.0/Avalonia.Win32.dll</Right>
  </Suppression>
  <Suppression>
    <DiagnosticId>CP0001</DiagnosticId>
    <Target>T:Avalonia.Win32.Interop.Automation.IScrollProvider</Target>
    <Left>baseline/netstandard2.0/Avalonia.Win32.dll</Left>
    <Right>target/netstandard2.0/Avalonia.Win32.dll</Right>
  </Suppression>
  <Suppression>
    <DiagnosticId>CP0001</DiagnosticId>
    <Target>T:Avalonia.Win32.Interop.Automation.ISelectionItemProvider</Target>
    <Left>baseline/netstandard2.0/Avalonia.Win32.dll</Left>
    <Right>target/netstandard2.0/Avalonia.Win32.dll</Right>
  </Suppression>
  <Suppression>
    <DiagnosticId>CP0001</DiagnosticId>
    <Target>T:Avalonia.Win32.Interop.Automation.ISelectionProvider</Target>
    <Left>baseline/netstandard2.0/Avalonia.Win32.dll</Left>
    <Right>target/netstandard2.0/Avalonia.Win32.dll</Right>
  </Suppression>
  <Suppression>
    <DiagnosticId>CP0001</DiagnosticId>
    <Target>T:Avalonia.Win32.Interop.Automation.ISynchronizedInputProvider</Target>
    <Left>baseline/netstandard2.0/Avalonia.Win32.dll</Left>
    <Right>target/netstandard2.0/Avalonia.Win32.dll</Right>
  </Suppression>
  <Suppression>
    <DiagnosticId>CP0001</DiagnosticId>
    <Target>T:Avalonia.Win32.Interop.Automation.ITableItemProvider</Target>
    <Left>baseline/netstandard2.0/Avalonia.Win32.dll</Left>
    <Right>target/netstandard2.0/Avalonia.Win32.dll</Right>
  </Suppression>
  <Suppression>
    <DiagnosticId>CP0001</DiagnosticId>
    <Target>T:Avalonia.Win32.Interop.Automation.ITableProvider</Target>
    <Left>baseline/netstandard2.0/Avalonia.Win32.dll</Left>
    <Right>target/netstandard2.0/Avalonia.Win32.dll</Right>
  </Suppression>
  <Suppression>
    <DiagnosticId>CP0001</DiagnosticId>
    <Target>T:Avalonia.Win32.Interop.Automation.ITextProvider</Target>
    <Left>baseline/netstandard2.0/Avalonia.Win32.dll</Left>
    <Right>target/netstandard2.0/Avalonia.Win32.dll</Right>
  </Suppression>
  <Suppression>
    <DiagnosticId>CP0001</DiagnosticId>
    <Target>T:Avalonia.Win32.Interop.Automation.ITextRangeProvider</Target>
    <Left>baseline/netstandard2.0/Avalonia.Win32.dll</Left>
    <Right>target/netstandard2.0/Avalonia.Win32.dll</Right>
  </Suppression>
  <Suppression>
    <DiagnosticId>CP0001</DiagnosticId>
    <Target>T:Avalonia.Win32.Interop.Automation.IToggleProvider</Target>
    <Left>baseline/netstandard2.0/Avalonia.Win32.dll</Left>
    <Right>target/netstandard2.0/Avalonia.Win32.dll</Right>
  </Suppression>
  <Suppression>
    <DiagnosticId>CP0001</DiagnosticId>
    <Target>T:Avalonia.Win32.Interop.Automation.ITransformProvider</Target>
    <Left>baseline/netstandard2.0/Avalonia.Win32.dll</Left>
    <Right>target/netstandard2.0/Avalonia.Win32.dll</Right>
  </Suppression>
  <Suppression>
    <DiagnosticId>CP0001</DiagnosticId>
    <Target>T:Avalonia.Win32.Interop.Automation.IValueProvider</Target>
    <Left>baseline/netstandard2.0/Avalonia.Win32.dll</Left>
    <Right>target/netstandard2.0/Avalonia.Win32.dll</Right>
  </Suppression>
  <Suppression>
    <DiagnosticId>CP0001</DiagnosticId>
    <Target>T:Avalonia.Win32.Interop.Automation.IWindowProvider</Target>
    <Left>baseline/netstandard2.0/Avalonia.Win32.dll</Left>
    <Right>target/netstandard2.0/Avalonia.Win32.dll</Right>
  </Suppression>
  <Suppression>
    <DiagnosticId>CP0001</DiagnosticId>
    <Target>T:Avalonia.Win32.Interop.Automation.NavigateDirection</Target>
    <Left>baseline/netstandard2.0/Avalonia.Win32.dll</Left>
    <Right>target/netstandard2.0/Avalonia.Win32.dll</Right>
  </Suppression>
  <Suppression>
    <DiagnosticId>CP0001</DiagnosticId>
    <Target>T:Avalonia.Win32.Interop.Automation.ProviderOptions</Target>
    <Left>baseline/netstandard2.0/Avalonia.Win32.dll</Left>
    <Right>target/netstandard2.0/Avalonia.Win32.dll</Right>
  </Suppression>
  <Suppression>
    <DiagnosticId>CP0001</DiagnosticId>
    <Target>T:Avalonia.Win32.Interop.Automation.RowOrColumnMajor</Target>
    <Left>baseline/netstandard2.0/Avalonia.Win32.dll</Left>
    <Right>target/netstandard2.0/Avalonia.Win32.dll</Right>
  </Suppression>
  <Suppression>
    <DiagnosticId>CP0001</DiagnosticId>
    <Target>T:Avalonia.Win32.Interop.Automation.SupportedTextSelection</Target>
    <Left>baseline/netstandard2.0/Avalonia.Win32.dll</Left>
    <Right>target/netstandard2.0/Avalonia.Win32.dll</Right>
  </Suppression>
  <Suppression>
    <DiagnosticId>CP0001</DiagnosticId>
    <Target>T:Avalonia.Win32.Interop.Automation.SynchronizedInputType</Target>
    <Left>baseline/netstandard2.0/Avalonia.Win32.dll</Left>
    <Right>target/netstandard2.0/Avalonia.Win32.dll</Right>
  </Suppression>
  <Suppression>
    <DiagnosticId>CP0001</DiagnosticId>
    <Target>T:Avalonia.Win32.Interop.Automation.TextPatternRangeEndpoint</Target>
    <Left>baseline/netstandard2.0/Avalonia.Win32.dll</Left>
    <Right>target/netstandard2.0/Avalonia.Win32.dll</Right>
  </Suppression>
  <Suppression>
    <DiagnosticId>CP0001</DiagnosticId>
    <Target>T:Avalonia.Win32.Interop.Automation.TextUnit</Target>
    <Left>baseline/netstandard2.0/Avalonia.Win32.dll</Left>
    <Right>target/netstandard2.0/Avalonia.Win32.dll</Right>
  </Suppression>
  <Suppression>
    <DiagnosticId>CP0001</DiagnosticId>
    <Target>T:Avalonia.Win32.Interop.Automation.WindowInteractionState</Target>
    <Left>baseline/netstandard2.0/Avalonia.Win32.dll</Left>
    <Right>target/netstandard2.0/Avalonia.Win32.dll</Right>
  </Suppression>
  <Suppression>
    <DiagnosticId>CP0001</DiagnosticId>
    <Target>T:Avalonia.Win32.Interop.Automation.WindowVisualState</Target>
    <Left>baseline/netstandard2.0/Avalonia.Win32.dll</Left>
    <Right>target/netstandard2.0/Avalonia.Win32.dll</Right>
  </Suppression>
</Suppressions>