﻿<?xml version="1.0" encoding="utf-8"?>
<!-- https://learn.microsoft.com/en-us/dotnet/fundamentals/package-validation/diagnostic-ids -->
<Suppressions xmlns:xsi="http://www.w3.org/2001/XMLSchema-instance" xmlns:xsd="http://www.w3.org/2001/XMLSchema">
  <Suppression>
    <DiagnosticId>CP0001</DiagnosticId>
    <Target>T:Avalonia.Controls.PseudolassesExtensions</Target>
    <Left>baseline/netstandard2.0/Avalonia.Base.dll</Left>
    <Right>target/netstandard2.0/Avalonia.Base.dll</Right>
  </Suppression>
  <Suppression>
    <DiagnosticId>CP0002</DiagnosticId>
    <Target>M:Avalonia.Diagnostics.AppliedStyle.get_HasActivator</Target>
    <Left>baseline/netstandard2.0/Avalonia.Base.dll</Left>
    <Right>target/netstandard2.0/Avalonia.Base.dll</Right>
  </Suppression>
  <Suppression>
    <DiagnosticId>CP0002</DiagnosticId>
    <Target>M:Avalonia.Diagnostics.AppliedStyle.get_IsActive</Target>
    <Left>baseline/netstandard2.0/Avalonia.Base.dll</Left>
    <Right>target/netstandard2.0/Avalonia.Base.dll</Right>
  </Suppression>
  <Suppression>
    <DiagnosticId>CP0002</DiagnosticId>
    <Target>M:Avalonia.Diagnostics.AppliedStyle.get_Style</Target>
    <Left>baseline/netstandard2.0/Avalonia.Base.dll</Left>
    <Right>target/netstandard2.0/Avalonia.Base.dll</Right>
  </Suppression>
  <Suppression>
    <DiagnosticId>CP0002</DiagnosticId>
    <Target>M:Avalonia.Diagnostics.StyledElementExtensions.GetStyleDiagnostics(Avalonia.StyledElement)</Target>
    <Left>baseline/netstandard2.0/Avalonia.Base.dll</Left>
    <Right>target/netstandard2.0/Avalonia.Base.dll</Right>
  </Suppression>
  <Suppression>
    <DiagnosticId>CP0002</DiagnosticId>
    <Target>M:Avalonia.Diagnostics.StyleDiagnostics.#ctor(System.Collections.Generic.IReadOnlyList{Avalonia.Diagnostics.AppliedStyle})</Target>
    <Left>baseline/netstandard2.0/Avalonia.Base.dll</Left>
    <Right>target/netstandard2.0/Avalonia.Base.dll</Right>
  </Suppression>
  <Suppression>
    <DiagnosticId>CP0002</DiagnosticId>
    <Target>M:Avalonia.Diagnostics.StyleDiagnostics.get_AppliedStyles</Target>
    <Left>baseline/netstandard2.0/Avalonia.Base.dll</Left>
    <Right>target/netstandard2.0/Avalonia.Base.dll</Right>
  </Suppression>
  <Suppression>
    <DiagnosticId>CP0002</DiagnosticId>
    <Target>M:Avalonia.Controls.Primitives.IPopupHost.ConfigurePosition(Avalonia.Visual,Avalonia.Controls.PlacementMode,Avalonia.Point,Avalonia.Controls.Primitives.PopupPositioning.PopupAnchor,Avalonia.Controls.Primitives.PopupPositioning.PopupGravity,Avalonia.Controls.Primitives.PopupPositioning.PopupPositionerConstraintAdjustment,System.Nullable{Avalonia.Rect})</Target>
    <Left>baseline/netstandard2.0/Avalonia.Controls.dll</Left>
    <Right>target/netstandard2.0/Avalonia.Controls.dll</Right>
  </Suppression>
  <Suppression>
    <DiagnosticId>CP0002</DiagnosticId>
    <Target>M:Avalonia.Controls.Screens.#ctor(Avalonia.Platform.IScreenImpl)</Target>
    <Left>baseline/netstandard2.0/Avalonia.Controls.dll</Left>
    <Right>target/netstandard2.0/Avalonia.Controls.dll</Right>
  </Suppression>
  <Suppression>
    <DiagnosticId>CP0006</DiagnosticId>
    <Target>M:Avalonia.Input.Platform.IClipboard.FlushAsync</Target>
    <Left>baseline/netstandard2.0/Avalonia.Base.dll</Left>
    <Right>target/netstandard2.0/Avalonia.Base.dll</Right>
  </Suppression>
  <Suppression>
    <DiagnosticId>CP0006</DiagnosticId>
    <Target>M:Avalonia.Input.Platform.IClipboard.TryGetInProcessDataObjectAsync</Target>
    <Left>baseline/netstandard2.0/Avalonia.Base.dll</Left>
    <Right>target/netstandard2.0/Avalonia.Base.dll</Right>
  </Suppression>
  <Suppression>
    <DiagnosticId>CP0006</DiagnosticId>
    <Target>M:Avalonia.Platform.Storage.IStorageFolder.GetFileAsync(System.String)</Target>
    <Left>baseline/netstandard2.0/Avalonia.Base.dll</Left>
    <Right>target/netstandard2.0/Avalonia.Base.dll</Right>
  </Suppression>
  <Suppression>
    <DiagnosticId>CP0006</DiagnosticId>
    <Target>M:Avalonia.Platform.Storage.IStorageFolder.GetFolderAsync(System.String)</Target>
    <Left>baseline/netstandard2.0/Avalonia.Base.dll</Left>
    <Right>target/netstandard2.0/Avalonia.Base.dll</Right>
  </Suppression>
  <Suppression>
    <DiagnosticId>CP0006</DiagnosticId>
    <Target>M:Avalonia.Controls.Notifications.IManagedNotificationManager.Close(System.Object)</Target>
    <Left>baseline/netstandard2.0/Avalonia.Controls.dll</Left>
    <Right>target/netstandard2.0/Avalonia.Controls.dll</Right>
  </Suppression>
  <Suppression>
    <DiagnosticId>CP0006</DiagnosticId>
    <Target>M:Avalonia.Controls.Notifications.INotificationManager.Close(Avalonia.Controls.Notifications.INotification)</Target>
    <Left>baseline/netstandard2.0/Avalonia.Controls.dll</Left>
    <Right>target/netstandard2.0/Avalonia.Controls.dll</Right>
  </Suppression>
  <Suppression>
    <DiagnosticId>CP0006</DiagnosticId>
    <Target>M:Avalonia.Controls.Notifications.INotificationManager.CloseAll</Target>
    <Left>baseline/netstandard2.0/Avalonia.Controls.dll</Left>
    <Right>target/netstandard2.0/Avalonia.Controls.dll</Right>
  </Suppression>
  <Suppression>
    <DiagnosticId>CP0006</DiagnosticId>
    <Target>M:Avalonia.Controls.Primitives.IPopupHost.ConfigurePosition(Avalonia.Controls.Primitives.PopupPositioning.PopupPositionRequest)</Target>
    <Left>baseline/netstandard2.0/Avalonia.Controls.dll</Left>
    <Right>target/netstandard2.0/Avalonia.Controls.dll</Right>
  </Suppression>
  <Suppression>
    <DiagnosticId>CP0006</DiagnosticId>
    <Target>M:Avalonia.Controls.Primitives.IPopupHost.TakeFocus</Target>
    <Left>baseline/netstandard2.0/Avalonia.Controls.dll</Left>
    <Right>target/netstandard2.0/Avalonia.Controls.dll</Right>
  </Suppression>
  <Suppression>
    <DiagnosticId>CP0006</DiagnosticId>
    <Target>P:Avalonia.Controls.Platform.IInsetsManager.DisplayEdgeToEdgePreference</Target>
    <Left>baseline/netstandard2.0/Avalonia.Controls.dll</Left>
    <Right>target/netstandard2.0/Avalonia.Controls.dll</Right>
  </Suppression>
  <Suppression>
    <DiagnosticId>CP0006</DiagnosticId>
    <Target>P:Avalonia.Controls.Platform.IInsetsManager.DisplaysEdgeToEdge</Target>
    <Left>baseline/netstandard2.0/Avalonia.Controls.dll</Left>
    <Right>target/netstandard2.0/Avalonia.Controls.dll</Right>
  </Suppression>
  <Suppression>
    <DiagnosticId>CP0009</DiagnosticId>
    <Target>T:Avalonia.Diagnostics.StyleDiagnostics</Target>
    <Left>baseline/netstandard2.0/Avalonia.Base.dll</Left>
    <Right>target/netstandard2.0/Avalonia.Base.dll</Right>
  </Suppression>
  <Suppression>
    <DiagnosticId>CP0009</DiagnosticId>
    <Target>T:Avalonia.Controls.Screens</Target>
    <Left>baseline/netstandard2.0/Avalonia.Controls.dll</Left>
    <Right>target/netstandard2.0/Avalonia.Controls.dll</Right>
  </Suppression>
  <Suppression>
    <DiagnosticId>CP0012</DiagnosticId>
    <Target>M:Avalonia.Controls.Button.OnAccessKey(Avalonia.Interactivity.RoutedEventArgs)</Target>
    <Left>baseline/netstandard2.0/Avalonia.Controls.dll</Left>
    <Right>target/netstandard2.0/Avalonia.Controls.dll</Right>
  </Suppression>
</Suppressions>