﻿<?xml version="1.0" encoding="utf-8"?>
<!-- https://learn.microsoft.com/en-us/dotnet/fundamentals/package-validation/diagnostic-ids -->
<Suppressions xmlns:xsi="http://www.w3.org/2001/XMLSchema-instance" xmlns:xsd="http://www.w3.org/2001/XMLSchema">
  <Suppression>
    <DiagnosticId>CP0007</DiagnosticId>
    <Target>T:Avalonia.Themes.Fluent.ColorPaletteResources</Target>
    <Left>baseline/netstandard2.0/Avalonia.Themes.Fluent.dll</Left>
    <Right>target/netstandard2.0/Avalonia.Themes.Fluent.dll</Right>
  </Suppression>
  <Suppression>
    <DiagnosticId>CP0008</DiagnosticId>
    <Target>T:Avalonia.Themes.Fluent.ColorPaletteResources</Target>
    <Left>baseline/netstandard2.0/Avalonia.Themes.Fluent.dll</Left>
    <Right>target/netstandard2.0/Avalonia.Themes.Fluent.dll</Right>
  </Suppression>
</Suppressions>