﻿<?xml version="1.0" encoding="utf-8"?>
<!-- https://learn.microsoft.com/en-us/dotnet/fundamentals/package-validation/diagnostic-ids -->
<Suppressions xmlns:xsi="http://www.w3.org/2001/XMLSchema-instance" xmlns:xsd="http://www.w3.org/2001/XMLSchema">
  <Suppression>
    <DiagnosticId>CP0001</DiagnosticId>
    <Target>T:Tmds.DBus.SourceGenerator.PropertyChanges`1</Target>
    <Left>baseline/netstandard2.0/Avalonia.FreeDesktop.dll</Left>
    <Right>target/netstandard2.0/Avalonia.FreeDesktop.dll</Right>
  </Suppression>
</Suppressions>