﻿<?xml version="1.0" encoding="utf-8"?>
<!-- https://learn.microsoft.com/en-us/dotnet/fundamentals/package-validation/diagnostic-ids -->
<Suppressions xmlns:xsi="http://www.w3.org/2001/XMLSchema-instance" xmlns:xsd="http://www.w3.org/2001/XMLSchema">
  <Suppression>
    <DiagnosticId>CP0001</DiagnosticId>
    <Target>T:Avalonia.Android.AvaloniaMainActivity`1</Target>
    <Left>baseline/net8.0-android34.0/Avalonia.Android.dll</Left>
    <Right>target/net8.0-android34.0/Avalonia.Android.dll</Right>
  </Suppression>
  <Suppression>
    <DiagnosticId>CP0002</DiagnosticId>
    <Target>M:Avalonia.Android.AndroidViewControlHandle.get_HandleDescriptor</Target>
    <Left>baseline/net8.0-android34.0/Avalonia.Android.dll</Left>
    <Right>target/net8.0-android34.0/Avalonia.Android.dll</Right>
  </Suppression>
  <Suppression>
    <DiagnosticId>CP0007</DiagnosticId>
    <Target>T:Avalonia.Android.AndroidViewControlHandle</Target>
    <Left>baseline/net8.0-android34.0/Avalonia.Android.dll</Left>
    <Right>target/net8.0-android34.0/Avalonia.Android.dll</Right>
  </Suppression>
</Suppressions>