<?xml version="1.0" encoding="utf-8"?>
<rss version="2.0"
     xmlns:sparkle="http://www.andymatuschak.org/xml-namespaces/sparkle"
     xmlns:dc="http://purl.org/dc/elements/1.1/">
 <channel>
  <title>xscreensaver updater</title>
  <link>https://www.jwz.org/xscreensaver/updates.xml</link>
  <description>Updates to xscreensaver.</description>
  <language>en</language>
  <item>
   <title>Version 6.10</title>
   <link>https://www.jwz.org/xscreensaver/xscreensaver-6.10.dmg</link>
   <description><![CDATA[&bull; New hacks, `dumpsterfire', `hopffibration', `platonicfolding' and `klondike'. <BR>&bull; Rewrote the VT100 emulator for 'apple2' and 'phosphor'. Supports inverse and DEC Special Graphics. <BR>&bull; BSOD supports systemd and bitlocker. ]]></description>
   <pubDate>Sun, 27 Apr 2025 17:04:18 -0700</pubDate>
   <enclosure url="https://www.jwz.org/xscreensaver/xscreensaver-6.10.dmg"
    sparkle:version="6.10"
    sparkle:edSignature="7xGV6QfwYePmr/DRgisDoL7cuLoHelN9ftdzzUBxpvjtI8oVzWTjcO545qvbiLYAosgXdie8ZP9XUF9Yor9lAA=="
    length="102575147"
    type="application/octet-stream" />
  </item>
  <item>
   <title>Version 6.09</title>
   <link>https://www.jwz.org/xscreensaver/xscreensaver-6.09.dmg</link>
   <description><![CDATA[&bull; New hacks,`kallisti' and `highvoltage'. <BR>&bull; Formal-wear for `headroom'.]]></description>
   <pubDate>Fri, 07 Jun 2024 22:00:40 -0700</pubDate>
   <enclosure url="https://www.jwz.org/xscreensaver/xscreensaver-6.09.dmg"
    sparkle:version="6.09"
    sparkle:edSignature="R83Wet7kF1AW9R9KihrZq0cbDnjFL8QF5wtEnK/6Adt7jPtUGCTXcpoFiCvxx3yKOuY+1FZ3pV87X6AQ4rQ8BA=="
    length="90634351"
    type="application/octet-stream" />
  </item>
 </channel>
</rss>
